{"count":1,"gauges":{},"self":7.0056047999999995,"total":7.6123483999999992,"children":{"AgentResetIfDone":{"count":252,"self":0.005005,"total":0.005005,"children":null},"AgentSendState":{"count":252,"self":0.0080287,"total":0.016020799999999998,"children":{"CollectObservations":{"count":504,"self":0.0079921,"total":0.0079921,"children":null}}},"DecideAction":{"count":252,"self":0.5246263,"total":0.5666783,"children":{"RayPerceptionSensor.Perceive":{"count":504,"self":0.042052,"total":0.042052,"children":null}}},"AcademyStep":{"count":252,"self":0.0010133,"total":0.0010133,"children":null},"AgentAct":{"count":252,"self":0.0170282,"total":0.0170282,"children":null}}}